ID,Name,Age,Exercise(hours/week)
1,John Doe,45,3
2,Jane Smith,35,2
3,Michael Johnson,55,4
4,Sarah Brown,40,3
5,David Lee,50,2
6,Emily Davis,30,1
7,Robert Wilson,60,3
8,Amanda Martinez,38,2
9,Christopher Taylor,48,4
10,Laura Garcia,42,3
11,James Rodriguez,52,2
12,Michelle Hernandez,32,1
13,William Nguyen,58,3
14,Stephanie Gonzalez,36,2
15,Daniel Perez,46,4
16,Rebecca Flores,33,1
17,Joseph Kim,57,3
18,Kelly Lopez,39,2
19,Brian Smith,49,3
20,Elizabeth Wang,37,2
21,Christopher Brown,59,4
22,Samantha Martinez,34,1
23,Matthew Lee,53,3
24,Ashley White,41,2
25,Joshua Johnson,47,3
26,Christina Smith,31,1
27,Aaron Taylor,56,3
28,Jennifer Brown,43,2
29,Jason Wilson,51,4
30,Jessica Johnson,35,2
31,David Martinez,55,3
32,Ashley Nguyen,40,2
33,Ryan Hernandez,54,3
34,Melissa Kim,38,2
35,Justin Lee,48,3
36,Samantha Garcia,36,2
37,Nicholas Brown,57,3
38,Lauren Nguyen,33,1
39,Daniel Rodriguez,59,4
40,Emily Kim,34,1
41,Christopher Garcia,53,3
42,Sarah Nguyen,41,2
43,Brandon Smith,47,3
44,Amanda Johnson,31,1
45,Justin Martinez,56,3
46,Stephanie Wilson,43,2
47,Matthew Nguyen,51,4
48,Lisa Garcia,35,2
49,Joseph Rodriguez,55,3
50,Sarah Kim,40,2
51,Jason Brown,56,3
52,Natalie Martinez,33,1
53,Andrew Lee,59,4
54,Amy Johnson,34,1
55,Joshua Garcia,54,3
56,Melissa Nguyen,38,2
57,David Rodriguez,48,3
58,Elizabeth Hernandez,36,2
59,Matthew Smith,57,3
60,Stephanie Kim,33,1
61,Michael Johnson,60,4
62,Rebecca Martinez,34,1
63,Christopher Lee,53,3
64,Emily Brown,41,2
65,James Nguyen,47,3
66,Lauren Garcia,31,1
67,Matthew Wilson,56,3
68,Ashley Rodriguez,43,2
69,David Nguyen,51,4
70,Samantha Kim,35,2
71,Michael Martinez,59,3
72,Elizabeth Lee,33,1
73,Christopher Garcia,54,3
74,Melissa Nguyen,38,2
75,David Rodriguez,48,3
76,Elizabeth Hernandez,36,2
77,Matthew Smith,57,3
78,Stephanie Kim,33,1
79,Michael Johnson,60,4
80,Rebecca Martinez,34,1
81,Christopher Lee,53,3
82,Emily Brown,41,2
83,James Nguyen,47,3
84,Lauren Garcia,31,1
85,Matthew Wilson,56,3
86,Ashley Rodriguez,43,2
87,David Nguyen,51,4
88,Samantha Kim,35,2
89,Michael Martinez,59,3
90,Elizabeth Lee,33,1
91,Christopher Garcia,54,3
92,Melissa Nguyen,38,2
93,David Rodriguez,48,3
94,Elizabeth Hernandez,36,2
95,Matthew Smith,57,3
96,Stephanie Kim,33,1
97,Michael Johnson,60,4
98,Rebecca Martinez,34,1
99,Christopher Lee,53,3
100,Emily Brown,41,2
101,Matthew Johnson,39,4
102,Emily Rodriguez,46,3
103,Michael Lee,32,2
104,Ashley Brown,57,3
105,Christopher Nguyen,35,2
106,Lauren Garcia,51,4
107,David Rodriguez,40,2
108,Elizabeth Martinez,59,3
109,Matthew Smith,37,3
110,Stephanie Kim,54,2
111,Michael Garcia,33,4
112,Rebecca Nguyen,49,3
113,Christopher Hernandez,60,4
114,Emily Lee,44,3
115,Matthew Brown,38,2
116,Stephanie Nguyen,58,4
117,David Kim,36,2
118,Elizabeth Rodriguez,53,3
119,Matthew Martinez,41,2
120,Rebecca Smith,52,4
121,Christopher Johnson,34,3
122,Emily Garcia,47,2
123,Michael Nguyen,42,4
124,Stephanie Brown,30,2
125,David Kim,50,3
126,Elizabeth Rodriguez,39,2
127,Matthew Martinez,54,2
128,Rebecca Smith,31,1
129,Christopher Johnson,45,4
130,Emily Garcia,55,4
131,Michael Nguyen,37,3
132,Stephanie Brown,49,2
133,David Kim,33,4
134,Elizabeth Rodriguez,41,2
135,Matthew Martinez,56,3
136,Rebecca Smith,34,1
137,Christopher Johnson,46,4
138,Emily Garcia,57,4
139,Michael Nguyen,38,3
140,Stephanie Brown,51,2
141,David Kim,35,4
142,Elizabeth Rodriguez,42,2
143,Matthew Martinez,58,3
144,Rebecca Smith,36,1
145,Christopher Johnson,47,4
146,Emily Garcia,30,4
147,Michael Nguyen,39,3
148,Stephanie Brown,53,2
149,David Kim,32,4
150,Elizabeth Rodriguez,43,2
151,Matthew Martinez,54,3
152,Rebecca Smith,31,1
153,Christopher Johnson,45,4
154,Emily Garcia,55,4
155,Michael Nguyen,37,3
156,Stephanie Brown,49,2
157,David Kim,33,4
158,Elizabeth Rodriguez,41,2
159,Matthew Martinez,56,3
160,Rebecca Smith,34,1
161,Christopher Johnson,46,4
162,Emily Garcia,57,4
163,Michael Nguyen,38,3
164,Stephanie Brown,51,2
165,David Kim,35,4
166,Elizabeth Rodriguez,42,2
167,Matthew Martinez,58,3
168,Rebecca Smith,36,1
169,Christopher Johnson,47,4
170,Emily Garcia,30,4
171,Michael Nguyen,39,3
172,Stephanie Brown,53,2
173,David Kim,32,4
174,Elizabeth Rodriguez,43,2
175,Matthew Martinez,54,3
176,Rebecca Smith,31,1
177,Christopher Johnson,45,4
178,Emily Garcia,55,4
179,Michael Nguyen,37,3
180,Stephanie Brown,49,2
181,David Kim,35,4
182,Elizabeth Rodriguez,42,2
183,Matthew Martinez,58,3
184,Rebecca Smith,36,1
185,Christopher Johnson,47,4
186,Emily Garcia,30,4
187,Michael Nguyen,39,3
188,Stephanie Brown,53,2
189,David Kim,32,4
190,Elizabeth Rodriguez,43,2
191,Matthew Martinez,54,3
192,Rebecca Smith,31,1
193,Christopher Johnson,45,4
194,Emily Garcia,55,4
195,Michael Nguyen,37,3
196,Stephanie Brown,49,2
197,David Kim,35,4
198,Elizabeth Rodriguez,42,2
199,Matthew Martinez,58,3
200,Rebecca Smith,36,1
201,Christopher Johnson,47,4
202,Emily Garcia,30,4
203,Michael Nguyen,39,3
204,Stephanie Brown,53,2
205,David Kim,32,4
206,Elizabeth Rodriguez,43,2
207,Matthew Martinez,54,3
208,Rebecca Smith,31,1
209,Christopher Johnson,45,4
210,Emily Garcia,55,4
211,Michael Nguyen,37,3
212,Stephanie Brown,49,2
213,David Kim,35,4
214,Elizabeth Rodriguez,42,2
215,Matthew Martinez,58,3
216,Rebecca Smith,36,1
217,Christopher Johnson,47,4
218,Emily Garcia,30,4
219,Michael Nguyen,39,3
220,Stephanie Brown,53,2
221,David Kim,32,4
222,Elizabeth Rodriguez,43,2
223,Matthew Martinez,54,3
224,Rebecca Smith,31,1
225,Christopher Johnson,45,4
226,Emily Garcia,55,4
227,Michael Nguyen,37,3
228,Stephanie Brown,49,2
229,David Kim,35,4
230,Elizabeth Rodriguez,42,2
231,Matthew Martinez,58,3
232,Rebecca Smith,36,1
233,Christopher Johnson,47,4
234,Emily Garcia,30,4
235,Michael Nguyen,39,3
236,Stephanie Brown,53,2
237,David Kim,32,4
238,Elizabeth Rodriguez,43,2
239,Matthew Martinez,54,3
240,Rebecca Smith,31,1
241,Christopher Johnson,45,4
242,Emily Garcia,55,4
243,Michael Nguyen,37,3
244,Stephanie Brown,49,2
245,David Kim,35,4
246,Elizabeth Rodriguez,42,2
247,Matthew Martinez,58,3
248,Rebecca Smith,36,1
249,Christopher Johnson,47,4
250,Emily Garcia,30,4
251,Michael Nguyen,39,3
252,Stephanie Brown,53,2
253,David Kim,32,4
254,Elizabeth Rodriguez,43,2
255,Matthew Martinez,54,3
256,Rebecca Smith,31,1
257,Christopher Johnson,45,4
258,Emily Garcia,55,4
259,Michael Nguyen,37,3
260,Stephanie Brown,49,2
261,David Kim,35,4
262,Elizabeth Rodriguez,42,2
263,Matthew Martinez,58,3
264,Rebecca Smith,36,1
265,Christopher Johnson,47,4
266,Emily Garcia,30,4
267,Michael Nguyen,39,3
268,Stephanie Brown,53,2
269,David Kim,32,4
270,Elizabeth Rodriguez,43,2
271,Matthew Martinez,54,3
272,Rebecca Smith,31,1
273,Christopher Johnson,45,4
274,Emily Garcia,55,4
275,Michael Nguyen,37,3
276,Stephanie Brown,49,2
277,David Kim,35,4
278,Elizabeth Rodriguez,42,2
279,Matthew Martinez,58,3
280,Rebecca Smith,36,1
281,Christopher Johnson,47,4
282,Emily Garcia,30,4
283,Michael Nguyen,39,3
284,Stephanie Brown,53,2
285,David Kim,32,4
286,Elizabeth Rodriguez,43,2
287,Matthew Martinez,54,3
288,Rebecca Smith,31,1
289,Christopher Johnson,45,4
290,Emily Garcia,55,4
291,Michael Nguyen,37,3
292,Stephanie Brown,49,2
293,David Kim,35,4
294,Elizabeth Rodriguez,42,2
295,Matthew Martinez,58,3
296,Rebecca Smith,36,1
297,Christopher Johnson,47,4
298,Emily Garcia,30,4
299,Michael Nguyen,39,3
300,Stephanie Brown,53,2
301,David Kim,32,4
302,Elizabeth Rodriguez,43,2
303,Matthew Martinez,54,3
304,Rebecca Smith,31,1
305,Christopher Johnson,45,4
306,Emily Garcia,55,4
307,Michael Nguyen,37,3
308,Stephanie Brown,49,2
309,David Kim,35,4
310,Elizabeth Rodriguez,42,2
311,Matthew Martinez,58,3
312,Rebecca Smith,36,1
313,Christopher Johnson,47,4
314,Emily Garcia,30,4
315,Michael Nguyen,39,3
316,Stephanie Brown,53,2
317,David Kim,32,4
318,Elizabeth Rodriguez,43,2
319,Matthew Martinez,54,3
320,Rebecca Smith,31,1
321,Christopher Johnson,45,4
322,Emily Garcia,55,4
323,Michael Nguyen,37,3
324,Stephanie Brown,49,2
325,David Kim,35,4
326,Elizabeth Rodriguez,42,2
327,Matthew Martinez,58,3
328,Rebecca Smith,36,1
329,Christopher Johnson,47,4
330,Emily Garcia,30,4
331,Michael Nguyen,39,3
332,Stephanie Brown,53,2
333,David Kim,32,4
334,Elizabeth Rodriguez,43,2
335,Matthew Martinez,54,3
336,Rebecca Smith,31,1
337,Christopher Johnson,45,4
338,Emily Garcia,55,4
339,Michael Nguyen,37,3
340,Stephanie Brown,49,2
341,David Kim,35,4
342,Elizabeth Rodriguez,42,2
343,Matthew Martinez,58,3
344,Rebecca Smith,36,1
345,Christopher Johnson,47,4
346,Emily Garcia,30,4
347,Michael Nguyen,39,3
348,Stephanie Brown,53,2
349,David Kim,32,4
350,Elizabeth Rodriguez,43,2
351,Matthew Martinez,54,3
352,Rebecca Smith,31,1
353,Christopher Johnson,45,4
354,Emily Garcia,55,4
355,Michael Nguyen,37,3
356,Stephanie Brown,49,2
357,David Kim,35,4
358,Elizabeth Rodriguez,42,2
359,Matthew Martinez,58,3
360,Rebecca Smith,36,1
361,Christopher Johnson,47,4
362,Emily Garcia,30,4
363,Michael Nguyen,39,3
364,Stephanie Brown,53,2
365,David Kim,35,4
366,Elizabeth Rodriguez,42,2
367,Matthew Martinez,58,3
368,Rebecca Smith,36,1
369,Christopher Johnson,47,4
370,Emily Garcia,30,4
371,Michael Nguyen,39,3
372,Stephanie Brown,53,2
373,David Kim,35,4
374,Elizabeth Rodriguez,42,2
375,Matthew Martinez,58,3
376,Rebecca Smith,36,1
377,Christopher Johnson,47,4
378,Emily Garcia,30,4
379,Michael Nguyen,39,3
380,Stephanie Brown,53,2
381,David Kim,35,4
382,Elizabeth Rodriguez,42,2
383,Matthew Martinez,58,3
384,Rebecca Smith,36,1
385,Christopher Johnson,47,4
386,Emily Garcia,30,4
387,Michael Nguyen,39,3
388,Stephanie Brown,53,2
389,David Kim,35,4
390,Elizabeth Rodriguez,42,2
391,Matthew Martinez,58,3
392,Rebecca Smith,36,1
393,Christopher Johnson,47,4
394,Emily Garcia,30,4
395,Michael Nguyen,39,3
396,Stephanie Brown,53,2
397,David Kim,35,4
398,Elizabeth Rodriguez,42,2
399,Matthew Martinez,58,3
400,Rebecca Smith,36,1
401,Christopher Johnson,47,4
402,Emily Garcia,30,4
403,Michael Nguyen,39,3
404,Stephanie Brown,53,2
405,David Kim,35,4
406,Elizabeth Rodriguez,42,2
407,Matthew Martinez,58,3
408,Rebecca Smith,36,1
409,Christopher Johnson,47,4
410,Emily Garcia,30,4
411,Michael Nguyen,39,3
412,Stephanie Brown,53,2
413,David Kim,35,4
414,Elizabeth Rodriguez,42,2
415,Matthew Martinez,58,3
416,Jane Smith,38,3
417,Robert Johnson,50,4
418,Emily Wilson,42,2
419,Michael Brown,55,3
420,Susan Taylor,47,2
421,James Davis,41,4
422,Linda Martinez,49,3
423,William Anderson,52,2
424,Karen Thomas,39,3
425,David Wilson,44,4
426,Michelle White,48,2
427,James Rodriguez,46,3
428,Mary Taylor,37,3
429,Christopher Garcia,56,2
430,Amanda Johnson,43,2
431,Matthew Wilson,51,4
432,Sarah Anderson,40,3
433,Robert Martinez,57,2
434,Jessica Brown,45,3
435,Michael Lee,47,4
436,Laura Garcia,38,2
437,David Hernandez,55,3
438,Stephanie Thomas,41,2
439,John Martinez,49,4
440,Ashley Nguyen,39,3
441,James Rodriguez,56,2
442,Mary Taylor,43,2
443,Christopher Smith,53,2
444,Jennifer Garcia,47,3
445,William Lee,44,4
446,Michelle Wilson,38,2
447,Matthew Hernandez,55,3
448,Amanda Thomas,42,2
449,James Garcia,50,4
450,Sarah Nguyen,40,3
451,Robert Rodriguez,57,2
452,Jessica Taylor,45,3
453,Michael Smith,47,4
454,Laura Hernandez,38,2
455,David Wilson,55,3
456,Stephanie Thomas,41,2
457,John Nguyen,49,4
458,Ashley Martinez,39,3
459,James Rodriguez,56,2
460,Mary Taylor,43,2
461,Christopher Smith,53,2
462,Jennifer Garcia,47,3
463,William Lee,44,4
464,Michelle Wilson,38,2
465,Matthew Hernandez,55,3
466,Amanda Thomas,42,2
467,James Garcia,50,4
468,Sarah Nguyen,40,3
469,Robert Rodriguez,57,2
470,Jessica Taylor,45,3
471,Michael Smith,47,4
472,Laura Hernandez,38,2
473,David Wilson,55,3
474,Stephanie Thomas,41,2
475,John Nguyen,49,4
476,Ashley Martinez,39,3
477,James Rodriguez,56,2
478,Mary Taylor,43,2
479,Christopher Smith,53,2
480,Jennifer Garcia,47,3
481,William Lee,44,4
482,Michelle Wilson,38,2
483,Matthew Hernandez,55,3
484,Amanda Thomas,42,2
485,James Garcia,50,4
486,Sarah Nguyen,40,3
487,Robert Rodriguez,57,2
488,Jessica Taylor,45,3
489,Michael Smith,47,4
490,Laura Hernandez,38,2
491,David Wilson,55,3
492,Stephanie Thomas,41,2
493,John Nguyen,49,4
494,Ashley Martinez,39,3
495,James Rodriguez,56,2
496,Mary Taylor,43,2
497,Christopher Smith,53,2
498,Jennifer Garcia,47,3
499,William Lee,44,4
500,Michelle Wilson,38,2
501,Matthew Hernandez,55,3
502,Amanda Thomas,42,2
503,James Garcia,50,4
504,Sarah Nguyen,40,3
505,Robert Rodriguez,57,2
506,Jessica Taylor,45,3
507,Michael Smith,47,4
508,Laura Hernandez,38,2
509,David Wilson,55,3
510,Stephanie Thomas,41,2
511,John Nguyen,49,4
512,Ashley Martinez,39,3
513,James Rodriguez,56,2
514,Mary Taylor,43,2
515,Christopher Smith,53,2
516,Jennifer Garcia,47,3
517,William Lee,44,4
518,Michelle Wilson,38,2
519,Matthew Hernandez,55,3
520,Amanda Thomas,42,2
521,James Garcia,50,4
522,Sarah Nguyen,40,3
523,Robert Rodriguez,57,2
524,Jessica Taylor,45,3
525,Michael Smith,47,4
526,Laura Hernandez,38,2
527,David Wilson,55,3
528,Stephanie Thomas,41,2
529,John Nguyen,49,4
530,Ashley Martinez,39,3
531,James Rodriguez,56,2
532,Mary Taylor,43,2
533,Christopher Smith,53,2
534,Jennifer Garcia,47,3
535,William Lee,44,4
536,Michelle Wilson,38,2
537,Matthew Hernandez,55,3
538,Amanda Thomas,42,2
539,James Garcia,50,4
540,Sarah Nguyen,40,3
541,Robert Rodriguez,57,2
542,Jessica Taylor,45,3
543,Michael Smith,47,4
544,Laura Hernandez,38,2
545,David Wilson,55,3
546,Stephanie Thomas,41,2
547,John Nguyen,49,4
548,Ashley Martinez,39,3
549,James Rodriguez,56,2
550,Mary Taylor,43,2
551,Christopher Smith,53,2
552,Jennifer Garcia,47,3
553,William Lee,44,4
554,Michelle Wilson,38,2
555,Matthew Hernandez,55,3
556,Amanda Thomas,42,2
557,James Garcia,50,4
558,Sarah Nguyen,40,3
559,Robert Rodriguez,57,2
560,Jessica Taylor,45,3
561,Michael Smith,47,4
562,Laura Hernandez,38,2
563,David Wilson,55,3
564,Stephanie Thomas,41,2
565,John Nguyen,49,4
566,Ashley Martinez,39,3
567,James Rodriguez,56,2
568,Mary Taylor,43,2
569,Christopher Smith,53,2
570,Jennifer Garcia,47,3
571,William Lee,44,4
572,Michelle Wilson,38,2
573,Matthew Hernandez,55,3
574,Amanda Thomas,42,2
575,James Garcia,50,4
576,Sarah Nguyen,40,3
577,Robert Rodriguez,57,2
578,Jessica Taylor,45,3
579,Michael Smith,47,4
580,Laura Hernandez,38,2
581,David Wilson,55,3
582,Stephanie Thomas,41,2
583,John Nguyen,49,4
584,Ashley Martinez,39,3
585,James Rodriguez,56,2
586,Mary Taylor,43,2
587,Christopher Smith,53,2
588,Jennifer Garcia,47,3
589,William Lee,44,4
590,Michelle Wilson,38,2
591,Matthew Hernandez,55,3
592,Amanda Thomas,42,2
593,James Garcia,50,4
594,Sarah Nguyen,40,3
595,Robert Rodriguez,57,2
596,Jessica Taylor,45,3
597,Michael Smith,47,4
598,Laura Hernandez,38,2
599,David Wilson,55,3
600,Stephanie Thomas,41,2
601,John Nguyen,49,4
602,Ashley Martinez,39,3
603,James Rodriguez,56,2
604,Mary Taylor,43,2
605,Christopher Smith,53,2
606,Jennifer Garcia,47,3
607,William Lee,44,4
608,Michelle Wilson,38,2
609,Matthew Hernandez,55,3
610,Amanda Thomas,42,2
611,James Garcia,50,4
612,Sarah Nguyen,40,3
613,Robert Rodriguez,57,2
614,Jessica Taylor,45,3
615,Michael Smith,47,4
616,Laura Hernandez,38,2
617,David Wilson,55,3
618,Stephanie Thomas,41,2
619,John Nguyen,49,4
620,Ashley Martinez,39,3
621,James Rodriguez,56,2
622,Mary Taylor,43,2
623,Christopher Smith,53,2
624,Jennifer Garcia,47,3
625,William Lee,44,4
626,Michelle Wilson,38,2
627,Matthew Hernandez,55,3
628,Amanda Thomas,42,2
629,James Garcia,50,4
630,Sarah Nguyen,40,3
631,Robert Rodriguez,57,2
632,Jessica Taylor,45,3
633,Michael Smith,47,4
634,Laura Hernandez,38,2
635,David Wilson,55,3
636,Stephanie Thomas,41,2
637,John Nguyen,49,4
638,Ashley Martinez,39,3
639,James Rodriguez,56,2
640,Mary Taylor,43,2
641,Christopher Smith,53,2
642,Jennifer Garcia,47,3
643,William Lee,44,4
644,Michelle Wilson,38,2
645,Matthew Hernandez,55,3
646,Amanda Thomas,42,2
647,James Garcia,50,4
648,Sarah Nguyen,40,3
649,Robert Rodriguez,57,2
650,Jessica Taylor,45,3
651,Michael Smith,47,4
652,Laura Hernandez,38,2
653,David Wilson,55,3
654,Stephanie Thomas,41,2
655,John Nguyen,49,4
656,Ashley Martinez,39,3
657,James Rodriguez,56,2
658,Mary Taylor,43,2
659,Christopher Smith,53,2
660,Jennifer Garcia,47,3
661,William Lee,44,4
662,Michelle Wilson,38,2
663,Matthew Hernandez,55,3
664,Amanda Thomas,42,2
665,James Garcia,50,4
666,Sarah Nguyen,40,3
667,Robert Rodriguez,57,2
658,Mary Taylor,43,2
659,Christopher Smith,53,2
660,Jennifer Garcia,47,3
661,William Lee,44,4
662,Michelle Wilson,38,2
663,Matthew Hernandez,55,3
664,Amanda Thomas,42,2
665,James Garcia,50,4
666,Sarah Nguyen,40,3
667,Robert Rodriguez,57,2
668,Jessica Taylor,45,3
669,Michael Smith,47,4
670,Laura Hernandez,38,2
671,David Wilson,55,3
672,Stephanie Thomas,41,2
673,John Nguyen,49,4
674,Ashley Martinez,39,3
675,James Rodriguez,56,2
676,Mary Taylor,43,2
677,Christopher Smith,53,2
678,Jennifer Garcia,47,3
679,William Lee,44,4
680,Michelle Wilson,38,2
681,Matthew Hernandez,55,3
682,Amanda Thomas,42,2
683,James Garcia,50,4
684,Sarah Nguyen,40,3
685,Robert Rodriguez,57,2
686,Jessica Taylor,45,3
687,Michael Smith,47,4
688,Laura Hernandez,38,2
689,David Wilson,55,3
690,Stephanie Thomas,41,2
691,John Nguyen,49,4
692,Ashley Martinez,39,3
693,James Rodriguez,56,2
694,Mary Taylor,43,2
695,Christopher Smith,53,2
696,Jennifer Garcia,47,3
697,William Lee,44,4
698,Michelle Wilson,38,2
699,Matthew Hernandez,55,3
700,Amanda Thomas,42,2
701,James Garcia,50,4
702,Sarah Nguyen,40,3
703,Robert Rodriguez,57,2
704,Jessica Taylor,45,3
705,Michael Smith,47,4
706,Laura Hernandez,38,2
707,David Wilson,55,3
708,Stephanie Thomas,41,2
709,John Nguyen,49,4
710,Ashley Martinez,39,3
711,James Rodriguez,56,2
712,Mary Taylor,43,2
713,Christopher Smith,53,2
714,Jennifer Garcia,47,3